{
  "accuracy": [
    0.7928206324577332,
    0.8128116726875305,
    0.8214656710624695,
    0.8278570175170898,
    0.8340139985084534
  ],
  "auc": [
    0.8386346697807312,
    0.86354660987854,
    0.8734014630317688,
    0.8807949423789978,
    0.8871098756790161
  ],
  "loss": [
    0.4539812505245209,
    0.41933900117874146,
    0.4042799472808838,
    0.39243847131729126,
    0.38214972615242004
  ],
  "val_accuracy": [
    0.7448379993438721,
    0.7516877055168152,
    0.7554444670677185,
    0.7599497437477112,
    0.7605852484703064
  ],
  "val_auc": [
    0.7553107142448425,
    0.766836941242218,
    0.7695435285568237,
    0.7729780673980713,
    0.771891713142395
  ],
  "val_loss": [
    0.5479141473770142,
    0.5406639575958252,
    0.5382035374641418,
    0.5380322337150574,
    0.5484454035758972
  ]
}